{"data":{"page":{"frontmatter":{"meta":{"title":"IoT Crab Website Project","description":"This is a meta description.","noindex":null,"canonicalLink":null},"title":"CrabWatch","subtitle":"**IoT and Artificial Intelligence-enabled Precision Crab Farming System for Increasing Crab Yields.**","featuredImage":"https://ucarecdn.com/b8cbcd8c-a90d-41f8-8349-81d02559f3aa/","template":"HomePage","excerpt":null},"html":"<p>We developed an IoT-based water quality monitoring system for blue swimmer and mud crab farming. Our proposed system consists of small embedded devices (Raspberry and Arduino), multiple water quality sensors and LoRa wireless interfaces.</p>\n<p>The system uses a lightweight Message Queuing Telemetry Transport (MQTT) protocol for exchanging messages between small embedded devices, mobile devices, and sensors. We use water temperature sensor, pH sensor, and salinity sensor for monitoring the water quality in the pond. Sensors are connected to small embedded devices and a Mosquito based MQTT broker is established for remote monitoring. Moreover, we also established a cloud-based database for storing data from sensors to produce datasets.</p>\n<h1>Members</h1>\n<ul>\n<li>Dr. Muhammad Niswar (Dept. of Informatics, Faculty of Engineering, UNHAS)</li>\n<li>Dr. Zahir Zainuddin (Dept. of Informatics, Faculty of Engineering, UNHAS)</li>\n<li>Prof. Yushinta Fujaya (Faculty of Marine Science &#x26; Fisheries, UNHAS)</li>\n<li>Dr. Nita (Faculty of Marine Science &#x26; Fisheries, UNHAS)</li>\n<li>Dr. Amil A Ilham (Dept. of Informatics, Faculty of Engineering, UNHAS)</li>\n<li>Dr. Shigeru Kashihara (Graduate School of Information Science, NAIST)</li>\n<li>Ady Wahyudi Paundu (Dept. of Informatics, Faculty of Engineering, UNHAS)</li>\n<li>Dr. Doudou Fall (Graduate School of Information Science , NAIST)</li>\n<li>Zainab Muslimin (Dept. of Electrical Engineering, Faculty of Engineering, UNHAS)</li>\n<li>Ismail (Dept. of Electrical Engineering, Faculty of Engineering, UNHAS)</li>\n<li>Sonny Wainolang (Dept. of Electrical Engineering, Faculty of Engineering, UNHAS)</li>\n<li>Novi (Dept. of Electrical Engineering, Faculty of Engineering, UNHAS)</li>\n<li>Runal (Dept. of Electrical Engineering, Faculty of Engineering, UNHAS)</li>\n<li>Muhammad Rizky Eka Arlin (Dept. of Informatics, Faculty of Engineering, UNHAS)</li>\n<li>Arif Wicaksono (Dept. of Informatics, Faculty of Engineering, UNHAS)</li>\n</ul>","fields":{"contentType":"pages"}},"posts":{"edges":[{"node":{"excerpt":"This is placeholder text that our web designers put here to make sure words appear properly on your website. This text is going to be…","fields":{"slug":"/posts/bird/"},"frontmatter":{"title":"Bird","date":"2018-05-25","categories":null,"featuredImage":"https://ucarecdn.com/f9ba7699-72cc-4462-97b8-fd04365e5af4/-/crop/2072x1768/0,0/-/preview/"}}},{"node":{"excerpt":"This is placeholder text that our web designers put here to make sure words appear properly on your website. This text is going to be…","fields":{"slug":"/posts/yellow-van/"},"frontmatter":{"title":"Yellow Van","date":"2018-05-25","categories":null,"featuredImage":"https://ucarecdn.com/a7f36998-7a41-4a63-b0b1-91ef46cd638b/"}}},{"node":{"excerpt":"This is placeholder text that our web designers put here to make sure words appear properly on your website. This text is going to be…","fields":{"slug":"/posts/trees/"},"frontmatter":{"title":"Trees","date":"2018-05-25","categories":null,"featuredImage":"https://ucarecdn.com/52b27af8-262d-4e2c-9773-15125ab8a5b2/"}}},{"node":{"excerpt":"This is placeholder text that our web designers put here to make sure words appear properly on your website. This text is going to be…","fields":{"slug":"/posts/river/"},"frontmatter":{"title":"River","date":"2018-05-25","categories":null,"featuredImage":"https://ucarecdn.com/d6ad4f3e-40a1-49cf-8cf0-f06a25d08544/-/crop/1690x1484/0,882/-/preview/"}}},{"node":{"excerpt":"This is placeholder text that our web designers put here to make sure words appear properly on your website. This text is going to be…","fields":{"slug":"/posts/man/"},"frontmatter":{"title":"Man","date":"2018-05-25","categories":null,"featuredImage":"https://ucarecdn.com/bd5d1edc-73be-488a-9d50-8ec28f5ab6a9/"}}},{"node":{"excerpt":"This is placeholder text that our web designers put here to make sure words appear properly on your website. This text is going to be…","fields":{"slug":"/posts/swiming/"},"frontmatter":{"title":"Swiming","date":"2018-05-25","categories":null,"featuredImage":"https://ucarecdn.com/6a00645e-a07d-4c6c-8386-7e0f86bcff84/-/crop/1632x1853/0,596/-/preview/"}}},{"node":{"excerpt":"This is placeholder text that our web designers put here to make sure words appear properly on your website. This text is going to be…","fields":{"slug":"/posts/cat/"},"frontmatter":{"title":"Cat","date":"2018-03-28","categories":[{"category":"Updates"}],"featuredImage":"https://ucarecdn.com/69bcae44-f555-4b56-b08e-bd0f2013654a/-/crop/1634x1690/0,434/-/preview/"}}},{"node":{"excerpt":"This is placeholder text that our web designers put here to make sure words appear properly on your website. This text is going to be…","fields":{"slug":"/posts/mountains/"},"frontmatter":{"title":"Mountains","date":"2018-03-28","categories":[{"category":"Updates"}],"featuredImage":"https://ucarecdn.com/b89e588f-5659-47e9-9caa-6be0ad058572/-/crop/1690x1728/0,638/-/preview/"}}},{"node":{"excerpt":"This is placeholder text that our web designers put here to make sure words appear properly on your website. This text is going to be…","fields":{"slug":"/posts/post-two/"},"frontmatter":{"title":"Post Two","date":"2018-03-28","categories":[{"category":"Updates"}],"featuredImage":"https://ucarecdn.com/57002902-e8b3-4315-9995-beb637b29128/"}}},{"node":{"excerpt":"Paragraphs are separated by a blank line. The second paragraph. This is placeholder text that our web designers put here to make sure words…","fields":{"slug":"/posts/red/"},"frontmatter":{"title":"Red","date":"2018-03-27","categories":[{"category":"News"}],"featuredImage":"https://ucarecdn.com/94633346-778b-4474-8039-b18280ec73a3/"}}},{"node":{"excerpt":"Paragraphs are separated by a blank line. The second paragraph. This is placeholder text that our web designers put here to make sure words…","fields":{"slug":"/posts/chairs/"},"frontmatter":{"title":"Chairs","date":"2018-03-27","categories":[{"category":"News"}],"featuredImage":"https://ucarecdn.com/f540281a-41cf-4bfa-8181-b172e2655fba/-/crop/1632x1777/0,672/-/preview/"}}},{"node":{"excerpt":"Paragraphs are separated by a blank line. The second paragraph. This is placeholder text that our web designers put here to make sure words…","fields":{"slug":"/posts/sign/"},"frontmatter":{"title":"Sign","date":"2018-03-27","categories":[{"category":"News"}],"featuredImage":"https://ucarecdn.com/157877ea-a2cb-49b6-8130-768fbe1a60a7/"}}},{"node":{"excerpt":"Paragraphs are separated by a blank line. The second paragraph. This is placeholder text that our web designers put here to make sure words…","fields":{"slug":"/posts/city/"},"frontmatter":{"title":"City","date":"2018-03-27","categories":[{"category":"News"}],"featuredImage":"https://ucarecdn.com/43614a0b-9a59-4a08-ad5c-428574b3a2c4/"}}}]},"postCategories":{"edges":[{"node":{"fields":{"slug":"/post-categories/news/"},"frontmatter":{"title":"News"}}},{"node":{"fields":{"slug":"/post-categories/updates/"},"frontmatter":{"title":"Updates"}}}]}},"pageContext":{"id":"db4849a8-d3d4-5de5-b357-a1c72b565c31"}}