{"data":{"page":{"frontmatter":{"meta":{"title":"Contact Page","description":"This is a meta description.","noindex":null,"canonicalLink":null},"title":"Contact Page","template":"ContactPage","subtitle":"This is the contact page subtitle.","featuredImage":"https://ucarecdn.com/e22a858a-b420-47af-99f6-ed54b6860333/","address":"404 James St, Burleigh Heads QLD 4220","phone":"0987 123 456","email":"example@example.com","locations":[{"mapLink":"","lat":"-27.9654732","lng":"153.2432449"}]},"html":"<h1>Example contact form</h1>\n<p>This form is setup to use Netlify's form handling:</p>\n<ul>\n<li>the form action is set to the current absolute url: <code>action: '/contact/'</code></li>\n<li>a name attribute is sent with the form's data <code>'form-name': 'Contact'</code></li>\n<li>netlify data attributes are added to the form <code>data-netlify data-netlify-honeypot</code></li>\n</ul>\n<p>Find out more in the <a href=\"https://www.netlify.com/docs/form-handling/\">Netlify Docs</a>.</p>"}},"pageContext":{"id":"cffae3ac-1036-58c0-9444-586a070cc8d6"}}