{"app":["/app-cc92d4aee2a35504913e.js"],"component---node-modules-gatsby-plugin-offline-app-shell-js":["/component---node-modules-gatsby-plugin-offline-app-shell-js-1d5e978506f631abc654.js"],"component---src-templates-blog-index-js":["/component---src-templates-blog-index-js-fc846681071597058e9c.js"],"component---src-templates-home-page-js":["/component---src-templates-home-page-js-4704ba498ff703f9f530.js"],"component---src-templates-project-contents-page-js":["/component---src-templates-project-contents-page-js-788db70dd805ac917a55.js"],"component---src-templates-activity-report-page-js":["/component---src-templates-activity-report-page-js-fc731b18a7fddf258663.js"],"component---src-templates-single-post-js":["/component---src-templates-single-post-js-3483a58888dab452f44e.js"],"component---src-pages-404-js":["/component---src-pages-404-js-227fa36ebcde353e345e.js"]}