{"errors":[],"warnings":[],"namedChunkGroups":{"app":{"chunks":[14,6],"assets":["webpack-runtime-fd9a73bac035c4aa2925.js","webpack-runtime-fd9a73bac035c4aa2925.js.map","app-cc92d4aee2a35504913e.js","app-cc92d4aee2a35504913e.js.map"],"children":{},"childAssets":{}},"component---node-modules-gatsby-plugin-offline-app-shell-js":{"chunks":[7],"assets":["component---node-modules-gatsby-plugin-offline-app-shell-js-1d5e978506f631abc654.js","component---node-modules-gatsby-plugin-offline-app-shell-js-1d5e978506f631abc654.js.map"],"children":{},"childAssets":{}},"component---src-templates-blog-index-js":{"chunks":[0,1,2,5,10],"assets":["styles.808b72442a2536f8e419.css","styles-375522b03fd1d4b81e00.js","styles-375522b03fd1d4b81e00.js.map","1-0fd13fe97e2be36d44db.js","1-0fd13fe97e2be36d44db.js.map","2-71bfb0060cd2612332dd.js","2-71bfb0060cd2612332dd.js.map","5-5c65456477ce9cc7b550.js","5-5c65456477ce9cc7b550.js.map","component---src-templates-blog-index-js-fc846681071597058e9c.js","component---src-templates-blog-index-js-fc846681071597058e9c.js.map"],"children":{},"childAssets":{}},"component---src-templates-home-page-js":{"chunks":[0,1,2,5,11],"assets":["styles.808b72442a2536f8e419.css","styles-375522b03fd1d4b81e00.js","styles-375522b03fd1d4b81e00.js.map","1-0fd13fe97e2be36d44db.js","1-0fd13fe97e2be36d44db.js.map","2-71bfb0060cd2612332dd.js","2-71bfb0060cd2612332dd.js.map","5-5c65456477ce9cc7b550.js","5-5c65456477ce9cc7b550.js.map","component---src-templates-home-page-js-4704ba498ff703f9f530.js","component---src-templates-home-page-js-4704ba498ff703f9f530.js.map"],"children":{},"childAssets":{}},"component---src-templates-project-contents-page-js":{"chunks":[0,1,2,4,12],"assets":["styles.808b72442a2536f8e419.css","styles-375522b03fd1d4b81e00.js","styles-375522b03fd1d4b81e00.js.map","1-0fd13fe97e2be36d44db.js","1-0fd13fe97e2be36d44db.js.map","2-71bfb0060cd2612332dd.js","2-71bfb0060cd2612332dd.js.map","4-cf973e28d23dbc5be127.js","4-cf973e28d23dbc5be127.js.map","component---src-templates-project-contents-page-js-788db70dd805ac917a55.js","component---src-templates-project-contents-page-js-788db70dd805ac917a55.js.map"],"children":{},"childAssets":{}},"component---src-templates-activity-report-page-js":{"chunks":[0,1,2,4,9],"assets":["styles.808b72442a2536f8e419.css","styles-375522b03fd1d4b81e00.js","styles-375522b03fd1d4b81e00.js.map","1-0fd13fe97e2be36d44db.js","1-0fd13fe97e2be36d44db.js.map","2-71bfb0060cd2612332dd.js","2-71bfb0060cd2612332dd.js.map","4-cf973e28d23dbc5be127.js","4-cf973e28d23dbc5be127.js.map","component---src-templates-activity-report-page-js-fc731b18a7fddf258663.js","component---src-templates-activity-report-page-js-fc731b18a7fddf258663.js.map"],"children":{},"childAssets":{}},"component---src-templates-single-post-js":{"chunks":[0,1,2,3,13],"assets":["styles.808b72442a2536f8e419.css","styles-375522b03fd1d4b81e00.js","styles-375522b03fd1d4b81e00.js.map","1-0fd13fe97e2be36d44db.js","1-0fd13fe97e2be36d44db.js.map","2-71bfb0060cd2612332dd.js","2-71bfb0060cd2612332dd.js.map","3-c9887f6b8031e96ea3a0.js","3-c9887f6b8031e96ea3a0.js.map","component---src-templates-single-post-js-3483a58888dab452f44e.js","component---src-templates-single-post-js-3483a58888dab452f44e.js.map"],"children":{},"childAssets":{}},"component---src-pages-404-js":{"chunks":[0,1,3,8],"assets":["styles.808b72442a2536f8e419.css","styles-375522b03fd1d4b81e00.js","styles-375522b03fd1d4b81e00.js.map","1-0fd13fe97e2be36d44db.js","1-0fd13fe97e2be36d44db.js.map","3-c9887f6b8031e96ea3a0.js","3-c9887f6b8031e96ea3a0.js.map","component---src-pages-404-js-227fa36ebcde353e345e.js","component---src-pages-404-js-227fa36ebcde353e345e.js.map"],"children":{},"childAssets":{}}},"assetsByChunkName":{"app":["webpack-runtime-fd9a73bac035c4aa2925.js","app-cc92d4aee2a35504913e.js"],"component---node-modules-gatsby-plugin-offline-app-shell-js":["component---node-modules-gatsby-plugin-offline-app-shell-js-1d5e978506f631abc654.js"],"component---src-templates-blog-index-js":["styles.808b72442a2536f8e419.css","styles-375522b03fd1d4b81e00.js","1-0fd13fe97e2be36d44db.js","2-71bfb0060cd2612332dd.js","5-5c65456477ce9cc7b550.js","component---src-templates-blog-index-js-fc846681071597058e9c.js"],"component---src-templates-home-page-js":["styles.808b72442a2536f8e419.css","styles-375522b03fd1d4b81e00.js","1-0fd13fe97e2be36d44db.js","2-71bfb0060cd2612332dd.js","5-5c65456477ce9cc7b550.js","component---src-templates-home-page-js-4704ba498ff703f9f530.js"],"component---src-templates-project-contents-page-js":["styles.808b72442a2536f8e419.css","styles-375522b03fd1d4b81e00.js","1-0fd13fe97e2be36d44db.js","2-71bfb0060cd2612332dd.js","4-cf973e28d23dbc5be127.js","component---src-templates-project-contents-page-js-788db70dd805ac917a55.js"],"component---src-templates-activity-report-page-js":["styles.808b72442a2536f8e419.css","styles-375522b03fd1d4b81e00.js","1-0fd13fe97e2be36d44db.js","2-71bfb0060cd2612332dd.js","4-cf973e28d23dbc5be127.js","component---src-templates-activity-report-page-js-fc731b18a7fddf258663.js"],"component---src-templates-single-post-js":["styles.808b72442a2536f8e419.css","styles-375522b03fd1d4b81e00.js","1-0fd13fe97e2be36d44db.js","2-71bfb0060cd2612332dd.js","3-c9887f6b8031e96ea3a0.js","component---src-templates-single-post-js-3483a58888dab452f44e.js"],"component---src-pages-404-js":["styles.808b72442a2536f8e419.css","styles-375522b03fd1d4b81e00.js","1-0fd13fe97e2be36d44db.js","3-c9887f6b8031e96ea3a0.js","component---src-pages-404-js-227fa36ebcde353e345e.js"]}}