{"data":{"page":{"frontmatter":{"meta":null,"title":"Updates","excerpt":null,"template":"BlogIndex","subtitle":"","featuredImage":"https://ucarecdn.com/83a3c73d-f234-4086-9fad-cee3a9626230/"},"fields":{"contentType":"postCategories"}},"posts":{"edges":[{"node":{"excerpt":"This is placeholder text that our web designers put here to make sure words appear properly on your website. This text is going to be…","fields":{"slug":"/posts/bird/"},"frontmatter":{"title":"Bird","date":"2018-05-25","categories":null,"featuredImage":"https://ucarecdn.com/f9ba7699-72cc-4462-97b8-fd04365e5af4/-/crop/2072x1768/0,0/-/preview/"}}},{"node":{"excerpt":"This is placeholder text that our web designers put here to make sure words appear properly on your website. This text is going to be…","fields":{"slug":"/posts/yellow-van/"},"frontmatter":{"title":"Yellow Van","date":"2018-05-25","categories":null,"featuredImage":"https://ucarecdn.com/a7f36998-7a41-4a63-b0b1-91ef46cd638b/"}}},{"node":{"excerpt":"This is placeholder text that our web designers put here to make sure words appear properly on your website. This text is going to be…","fields":{"slug":"/posts/trees/"},"frontmatter":{"title":"Trees","date":"2018-05-25","categories":null,"featuredImage":"https://ucarecdn.com/52b27af8-262d-4e2c-9773-15125ab8a5b2/"}}},{"node":{"excerpt":"This is placeholder text that our web designers put here to make sure words appear properly on your website. This text is going to be…","fields":{"slug":"/posts/river/"},"frontmatter":{"title":"River","date":"2018-05-25","categories":null,"featuredImage":"https://ucarecdn.com/d6ad4f3e-40a1-49cf-8cf0-f06a25d08544/-/crop/1690x1484/0,882/-/preview/"}}},{"node":{"excerpt":"This is placeholder text that our web designers put here to make sure words appear properly on your website. This text is going to be…","fields":{"slug":"/posts/man/"},"frontmatter":{"title":"Man","date":"2018-05-25","categories":null,"featuredImage":"https://ucarecdn.com/bd5d1edc-73be-488a-9d50-8ec28f5ab6a9/"}}},{"node":{"excerpt":"This is placeholder text that our web designers put here to make sure words appear properly on your website. This text is going to be…","fields":{"slug":"/posts/swiming/"},"frontmatter":{"title":"Swiming","date":"2018-05-25","categories":null,"featuredImage":"https://ucarecdn.com/6a00645e-a07d-4c6c-8386-7e0f86bcff84/-/crop/1632x1853/0,596/-/preview/"}}},{"node":{"excerpt":"This is placeholder text that our web designers put here to make sure words appear properly on your website. This text is going to be…","fields":{"slug":"/posts/cat/"},"frontmatter":{"title":"Cat","date":"2018-03-28","categories":[{"category":"Updates"}],"featuredImage":"https://ucarecdn.com/69bcae44-f555-4b56-b08e-bd0f2013654a/-/crop/1634x1690/0,434/-/preview/"}}},{"node":{"excerpt":"This is placeholder text that our web designers put here to make sure words appear properly on your website. This text is going to be…","fields":{"slug":"/posts/mountains/"},"frontmatter":{"title":"Mountains","date":"2018-03-28","categories":[{"category":"Updates"}],"featuredImage":"https://ucarecdn.com/b89e588f-5659-47e9-9caa-6be0ad058572/-/crop/1690x1728/0,638/-/preview/"}}},{"node":{"excerpt":"This is placeholder text that our web designers put here to make sure words appear properly on your website. This text is going to be…","fields":{"slug":"/posts/post-two/"},"frontmatter":{"title":"Post Two","date":"2018-03-28","categories":[{"category":"Updates"}],"featuredImage":"https://ucarecdn.com/57002902-e8b3-4315-9995-beb637b29128/"}}},{"node":{"excerpt":"Paragraphs are separated by a blank line. The second paragraph. This is placeholder text that our web designers put here to make sure words…","fields":{"slug":"/posts/red/"},"frontmatter":{"title":"Red","date":"2018-03-27","categories":[{"category":"News"}],"featuredImage":"https://ucarecdn.com/94633346-778b-4474-8039-b18280ec73a3/"}}},{"node":{"excerpt":"Paragraphs are separated by a blank line. The second paragraph. This is placeholder text that our web designers put here to make sure words…","fields":{"slug":"/posts/chairs/"},"frontmatter":{"title":"Chairs","date":"2018-03-27","categories":[{"category":"News"}],"featuredImage":"https://ucarecdn.com/f540281a-41cf-4bfa-8181-b172e2655fba/-/crop/1632x1777/0,672/-/preview/"}}},{"node":{"excerpt":"Paragraphs are separated by a blank line. The second paragraph. This is placeholder text that our web designers put here to make sure words…","fields":{"slug":"/posts/sign/"},"frontmatter":{"title":"Sign","date":"2018-03-27","categories":[{"category":"News"}],"featuredImage":"https://ucarecdn.com/157877ea-a2cb-49b6-8130-768fbe1a60a7/"}}},{"node":{"excerpt":"Paragraphs are separated by a blank line. The second paragraph. This is placeholder text that our web designers put here to make sure words…","fields":{"slug":"/posts/city/"},"frontmatter":{"title":"City","date":"2018-03-27","categories":[{"category":"News"}],"featuredImage":"https://ucarecdn.com/43614a0b-9a59-4a08-ad5c-428574b3a2c4/"}}}]},"postCategories":{"edges":[{"node":{"fields":{"slug":"/post-categories/news/"},"frontmatter":{"title":"News"}}},{"node":{"fields":{"slug":"/post-categories/updates/"},"frontmatter":{"title":"Updates"}}}]}},"pageContext":{"id":"aa795907-b9bb-532b-a6f7-bbf655056e0c"}}