{"data":{"page":{"frontmatter":{"meta":{"title":"Components Page","description":"This is a meta description.","noindex":null,"canonicalLink":null},"gallery":[{"alt":"yellow rope image","image":"https://ucarecdn.com/277cdf82-24aa-4d80-8169-bb46f4cd319d/","title":"Yellow Rope"},{"alt":"umbrellas","image":"https://ucarecdn.com/5da63204-4ff0-4235-aac3-852921d7c632/","title":"a bunch of umbrellas"},{"alt":"yellow ice cream","image":"https://ucarecdn.com/83485d70-1552-4c97-b237-22330fb56a1e/","title":"Yellow Ice Cream"}],"title":"Components Page","template":"ComponentsPage","subtitle":"This is the components page subtitle.","featuredImage":"https://ucarecdn.com/df0dc650-6938-412f-aefb-2019d2349e13/","section1":"## This is a container component\nA sem vel nec sodales mi vivamus senectus sed potenti a parturient nascetur tincidunt nisi pulvinar rhoncus a. Risus imperdiet taciti suspendisse facilisi a per metus cubilia varius a nostra adipiscing amet ultrices quisque ac mi a.\n\n[Dictumst a ultrices mi]() a dignissim ad fermentum eget a nam et a blandit scelerisque. Taciti lorem tempor quam vestibulum dis habitasse vestibulum diam vel est ut proin dis auctor. Suscipit sceler isque orci magna interdum vel bibendum duis netus a consectetur dui magnis ac aliquet sem posuere tincidunt vestibulum.","section2":"## You can use videos, images and text.\n\n<iframe width=\"560\" height=\"315\"\nsrc=\"https://www.youtube.com/embed/Js00yn142ic\" frameborder=\"0\"\nallow=\"autoplay; encrypted-media\" allowfullscreen></iframe>"},"html":""}},"pageContext":{"id":"8c51969d-34a7-5bcf-ab06-3b86001bcc60"}}