{"data":{"page":{"frontmatter":{"meta":{"title":"test meta title","description":"test meta description","noindex":null,"canonicalLink":null},"title":"Default","subtitle":null,"featuredImage":"https://ucarecdn.com/7ec2ff8c-5ef7-4dd8-b551-baa44d114cc3/"},"html":"<h2>This is the DefaultPage template</h2>\n<p>Paragraphs are separated by a blank line.</p>\n<p>The second paragraph. This is placeholder text that our web designers put here to make sure words appear properly on your website. <em>Italic</em>, <strong>bold</strong>, and <code>monospace</code>.</p>\n<h3>Unordered lists:</h3>\n<ul>\n<li>this one</li>\n<li>that one</li>\n<li>the other one</li>\n</ul>\n<h3>Ordered lists:</h3>\n<ol>\n<li>first item</li>\n<li>second item</li>\n<li>third item</li>\n</ol>\n<blockquote>\n<p>Block quotes are written like so.</p>\n<p>They can span multiple paragraphs,\nif you like.</p>\n</blockquote>\n<h1>Heading 1</h1>\n<h2>Heading 2</h2>\n<h3>Heading 3</h3>\n<h4>Heading 4</h4>\n<h5>Heading 5</h5>\n<h6>Heading 6</h6>"}},"pageContext":{"id":"f7b723f5-59e6-56d8-99a3-9b55e9b9f040"}}