{"data":{"post":{"frontmatter":{"meta":{"title":"test meta title","description":"test meta description","noindex":null,"canonicalLink":null},"title":"Trees","template":"SinglePost","subtitle":null,"date":"2018-05-25","categories":null},"html":"<p>This is placeholder text that our web designers put here to make sure words appear properly on your website. This text is going to be replaced once the website is completed. You are currently reading text that is written in English, not any other language.</p>\n<p>Be careful not to waste too much time reading placeholder text! This text isn’t going to remain here because it doesn't pertain to the website. This paragraph has been copied from a program that automatically generates paragraphs like this. It is useful for web designers to use placeholder text so they can easily see what different fonts look like on a realistic paragraph.</p>","id":"27e50174-16c4-50a5-9aa2-273b84b94708"},"allPosts":{"edges":[{"node":{"id":"556c26dd-e6e6-553f-bebb-21b274498949"},"next":{"fields":{"slug":"/posts/yellow-van/"},"frontmatter":{"title":"Yellow Van"}},"previous":null},{"node":{"id":"49ec8d21-ed5f-5831-bd6f-8cde6a8c9fb6"},"next":{"fields":{"slug":"/posts/trees/"},"frontmatter":{"title":"Trees"}},"previous":{"fields":{"slug":"/posts/bird/"},"frontmatter":{"title":"Bird"}}},{"node":{"id":"27e50174-16c4-50a5-9aa2-273b84b94708"},"next":{"fields":{"slug":"/posts/river/"},"frontmatter":{"title":"River"}},"previous":{"fields":{"slug":"/posts/yellow-van/"},"frontmatter":{"title":"Yellow Van"}}},{"node":{"id":"f7fcd848-23c2-546a-b232-b94d8cfd3e90"},"next":{"fields":{"slug":"/posts/man/"},"frontmatter":{"title":"Man"}},"previous":{"fields":{"slug":"/posts/trees/"},"frontmatter":{"title":"Trees"}}},{"node":{"id":"5f7c4f46-6873-5a54-8a3b-c25f6fbeca29"},"next":{"fields":{"slug":"/posts/swiming/"},"frontmatter":{"title":"Swiming"}},"previous":{"fields":{"slug":"/posts/river/"},"frontmatter":{"title":"River"}}},{"node":{"id":"cc48c74e-4c0e-5597-9de7-ca8e88ab0c41"},"next":{"fields":{"slug":"/posts/cat/"},"frontmatter":{"title":"Cat"}},"previous":{"fields":{"slug":"/posts/man/"},"frontmatter":{"title":"Man"}}},{"node":{"id":"b0dd9ea4-7195-503c-8a2e-80855d3f6320"},"next":{"fields":{"slug":"/posts/mountains/"},"frontmatter":{"title":"Mountains"}},"previous":{"fields":{"slug":"/posts/swiming/"},"frontmatter":{"title":"Swiming"}}},{"node":{"id":"73462014-70ee-5383-aa0b-3322c2429971"},"next":{"fields":{"slug":"/posts/post-two/"},"frontmatter":{"title":"Post Two"}},"previous":{"fields":{"slug":"/posts/cat/"},"frontmatter":{"title":"Cat"}}},{"node":{"id":"02950bb4-318a-57fb-b3de-8b03326ba7c4"},"next":{"fields":{"slug":"/posts/red/"},"frontmatter":{"title":"Red"}},"previous":{"fields":{"slug":"/posts/mountains/"},"frontmatter":{"title":"Mountains"}}},{"node":{"id":"a0ef51f0-281b-5fc9-a1b2-04064cf6b107"},"next":{"fields":{"slug":"/posts/chairs/"},"frontmatter":{"title":"Chairs"}},"previous":{"fields":{"slug":"/posts/post-two/"},"frontmatter":{"title":"Post Two"}}},{"node":{"id":"fa880070-da00-5cf5-82aa-ac1fdd52ba8e"},"next":{"fields":{"slug":"/posts/sign/"},"frontmatter":{"title":"Sign"}},"previous":{"fields":{"slug":"/posts/red/"},"frontmatter":{"title":"Red"}}},{"node":{"id":"a444c095-c778-514a-9d44-2626b842a2aa"},"next":{"fields":{"slug":"/posts/city/"},"frontmatter":{"title":"City"}},"previous":{"fields":{"slug":"/posts/chairs/"},"frontmatter":{"title":"Chairs"}}},{"node":{"id":"30e881a3-d790-5794-b4b7-43c8b1fdc211"},"next":null,"previous":{"fields":{"slug":"/posts/sign/"},"frontmatter":{"title":"Sign"}}}]}},"pageContext":{"id":"27e50174-16c4-50a5-9aa2-273b84b94708"}}