{"data":{"settingsYaml":{"siteTitle":"CrabWatch","siteDescription":"A starter project for creating lightning-fast websites with Gatsby v2 Netlify CMS v2 and Uploadcare media library.","googleTrackingId":"UA-133175780-1","socialMediaCard":{"image":"https://ucarecdn.com/fcc8d148-a9a8-42ee-a793-0f12b1437f61/"}},"allPosts":{"edges":[{"node":{"fields":{"slug":"/post-categories/news/"},"frontmatter":{"title":"News"}}},{"node":{"fields":{"slug":"/post-categories/updates/"},"frontmatter":{"title":"Updates"}}}]}}}